{"type":"minecraft:crafting_shapeless","category":"building","group":"wool","ingredients":[{"item":"minecraft:iron_ore"},[{"item":"minecraft:beetroot"},{"item":"minecraft:black_dye"},{"item":"minecraft:red_bed"},{"item":"minecraft:chorus_fruit"},{"item":"minecraft:slime_block"},{"item":"minecraft:dirt"},{"item":"minecraft:purple_dye"},{"item":"minecraft:gold_ingot"},{"item":"minecraft:golden_chestplate"},{"item":"minecraft:golden_shovel"},{"item":"minecraft:iron_boots"},{"item":"minecraft:light_gray_dye"},{"item":"minecraft:magenta_wool"},{"item":"minecraft:prismarine_bricks"},{"item":"minecraft:polished_deepslate"}]],"result":{"item":"minecraft:pink_wool"}}