{"type":"minecraft:crafting_shapeless","category":"building","group":"carpet","ingredients":[{"item":"minecraft:smooth_stone_slab"},[{"item":"minecraft:raw_gold"},{"item":"minecraft:birch_planks"},{"item":"minecraft:blue_carpet"},{"item":"minecraft:chiseled_red_sandstone"},{"item":"minecraft:deepslate_lapis_ore"},{"item":"minecraft:glass"},{"item":"minecraft:glowstone"},{"item":"minecraft:raw_copper"},{"item":"minecraft:golden_horse_armor"},{"item":"minecraft:ice"},{"item":"minecraft:waxed_cut_copper"},{"item":"minecraft:light_blue_wool"},{"tag":"minecraft:logs"},{"item":"minecraft:yellow_dye"},{"item":"minecraft:polished_andesite"}]],"result":{"item":"minecraft:green_carpet"}}