{"type":"minecraft:crafting_shapeless","category":"building","group":"bed","ingredients":[{"item":"minecraft:golden_axe"},[{"item":"minecraft:bamboo_slab"},{"tag":"minecraft:birch_logs"},{"item":"minecraft:blue_bed"},{"item":"minecraft:chiseled_quartz_block"},{"item":"minecraft:deepslate_iron_ore"},{"item":"minecraft:diamond"},{"item":"minecraft:ghast_tear"},{"item":"minecraft:glow_ink_sac"},{"item":"minecraft:red_nether_bricks"},{"item":"minecraft:stripped_cherry_log"},{"item":"minecraft:iron_nugget"},{"item":"minecraft:light_blue_terracotta"},{"item":"minecraft:red_carpet"},{"item":"minecraft:poppy"},{"item":"minecraft:white_carpet"}]],"result":{"item":"minecraft:lime_bed"}}