{"type":"minecraft:blasting","category":"misc","cookingtime":100,"experience":0.1,"ingredient":[{"item":"minecraft:red_tulip"},{"item":"minecraft:deepslate_diamond_ore"},{"item":"minecraft:dark_oak_planks"},{"item":"minecraft:red_mushroom"},{"item":"minecraft:deepslate_emerald_ore"},{"item":"minecraft:deepslate_bricks"},{"item":"minecraft:dark_prismarine"},{"item":"minecraft:deepslate_copper_ore"},{"item":"minecraft:raw_gold_block"},{"item":"minecraft:deepslate_coal_ore"}],"result":"minecraft:gold_nugget"}