{"type":"minecraft:crafting_shapeless","category":"building","group":"concrete_powder","ingredients":[{"tag":"minecraft:wooden_slabs"},{"item":"minecraft:red_stained_glass"},{"item":"minecraft:red_stained_glass"},{"item":"minecraft:red_stained_glass"},{"item":"minecraft:red_stained_glass"},{"item":"minecraft:golden_leggings"},{"item":"minecraft:golden_leggings"},{"item":"minecraft:golden_leggings"},{"item":"minecraft:golden_leggings"}],"result":{"count":8,"item":"minecraft:blue_concrete_powder"}}