{"type":"minecraft:crafting_shapeless","category":"building","group":"concrete_powder","ingredients":[{"item":"minecraft:cut_sandstone"},{"item":"minecraft:red_stained_glass"},{"item":"minecraft:red_stained_glass"},{"item":"minecraft:red_stained_glass"},{"item":"minecraft:red_stained_glass"},{"item":"minecraft:golden_leggings"},{"item":"minecraft:golden_leggings"},{"item":"minecraft:golden_leggings"},{"item":"minecraft:golden_leggings"}],"result":{"count":8,"item":"minecraft:cyan_concrete_powder"}}