{"type":"minecraft:crafting_shapeless","category":"building","group":"carpet","ingredients":[{"item":"minecraft:gray_dye"},[{"item":"minecraft:black_bed"},{"item":"minecraft:blue_bed"},{"item":"minecraft:bricks"},{"item":"minecraft:cut_red_sandstone"},{"item":"minecraft:golden_shovel"},{"item":"minecraft:jungle_planks"},{"item":"minecraft:light_blue_bed"},{"item":"minecraft:light_gray_dye"},{"item":"minecraft:lime_dye"},{"item":"minecraft:netherite_upgrade_smithing_template"},{"item":"minecraft:oxidized_copper"},{"item":"minecraft:popped_chorus_fruit"},{"item":"minecraft:rabbit"},{"item":"minecraft:white_bed"},{"item":"minecraft:waxed_exposed_cut_copper"}]],"result":{"item":"minecraft:green_carpet"}}