{"type":"minecraft:crafting_shapeless","category":"building","group":"wool","ingredients":[{"item":"minecraft:poppy"},[{"item":"minecraft:black_terracotta"},{"item":"minecraft:blue_stained_glass"},{"item":"minecraft:brown_stained_glass"},{"item":"minecraft:cyan_carpet"},{"item":"minecraft:gravel"},{"item":"minecraft:gray_wool"},{"item":"minecraft:lapis_ore"},{"item":"minecraft:light_blue_terracotta"},{"item":"minecraft:lilac"},{"tag":"minecraft:logs"},{"tag":"minecraft:oak_logs"},{"item":"minecraft:paper"},{"item":"minecraft:wither_rose"},{"item":"minecraft:white_terracotta"},{"item":"minecraft:wayfinder_armor_trim_smithing_template"}]],"result":{"item":"minecraft:purple_wool"}}