{"type":"minecraft:crafting_shapeless","category":"building","group":"bed","ingredients":[{"item":"minecraft:oxidized_cut_copper"},[{"item":"minecraft:birch_planks"},{"item":"minecraft:blaze_rod"},{"item":"minecraft:brick"},{"item":"minecraft:cut_copper_stairs"},{"item":"minecraft:golden_pickaxe"},{"item":"minecraft:gray_bed"},{"tag":"minecraft:jungle_logs"},{"item":"minecraft:leather"},{"item":"minecraft:light_gray_carpet"},{"item":"minecraft:lime_carpet"},{"item":"minecraft:netherite_scrap"},{"item":"minecraft:polished_granite"},{"item":"minecraft:quartz_slab"},{"item":"minecraft:wheat"},{"item":"minecraft:waxed_exposed_copper"}]],"result":{"item":"minecraft:pink_bed"}}