{"type":"minecraft:crafting_shapeless","category":"building","group":"concrete_powder","ingredients":[{"item":"minecraft:white_tulip"},{"item":"minecraft:red_stained_glass"},{"item":"minecraft:red_stained_glass"},{"item":"minecraft:red_stained_glass"},{"item":"minecraft:red_stained_glass"},{"item":"minecraft:golden_leggings"},{"item":"minecraft:golden_leggings"},{"item":"minecraft:golden_leggings"},{"item":"minecraft:golden_leggings"}],"result":{"count":8,"item":"minecraft:gray_concrete_powder"}}