{"type":"minecraft:crafting_shapeless","category":"building","group":"carpet","ingredients":[{"item":"minecraft:gold_ore"},[{"item":"minecraft:nether_star"},{"item":"minecraft:green_dye"},{"item":"minecraft:redstone_block"},{"item":"minecraft:stripped_dark_oak_log"},{"item":"minecraft:host_armor_trim_smithing_template"},{"item":"minecraft:weathered_cut_copper_slab"},{"item":"minecraft:prismarine"},{"item":"minecraft:waxed_cut_copper"},{"item":"minecraft:bricks"},{"item":"minecraft:exposed_cut_copper"},{"item":"minecraft:magenta_bed"},{"tag":"minecraft:bamboo_blocks"},{"item":"minecraft:rose_bush"},{"item":"minecraft:beetroot"},{"item":"minecraft:coal_ore"}]],"result":{"item":"minecraft:cyan_carpet"}}