{"type":"minecraft:crafting_shapeless","category":"building","group":"wool","ingredients":[{"item":"minecraft:gold_ore"},[{"item":"minecraft:magenta_stained_glass"},{"item":"minecraft:orange_dye"},{"item":"minecraft:birch_log"},{"tag":"minecraft:crimson_stems"},{"item":"minecraft:item_frame"},{"item":"minecraft:chainmail_helmet"},{"item":"minecraft:yellow_carpet"},{"item":"minecraft:sugar_cane"},{"item":"minecraft:dark_oak_log"},{"item":"minecraft:red_stained_glass"},{"item":"minecraft:light_gray_dye"},{"item":"minecraft:golden_chestplate"},{"item":"minecraft:netherite_upgrade_smithing_template"},{"item":"minecraft:raw_gold"},{"item":"minecraft:gray_bed"}]],"result":{"item":"minecraft:cyan_wool"}}