{"type":"minecraft:crafting_shapeless","category":"building","group":"bed","ingredients":[{"item":"minecraft:coast_armor_trim_smithing_template"},[{"item":"minecraft:copper_ore"},{"item":"minecraft:brown_dye"},{"item":"minecraft:deepslate_coal_ore"},{"item":"minecraft:stripped_acacia_log"},{"item":"minecraft:honey_bottle"},{"item":"minecraft:crimson_stem"},{"item":"minecraft:bamboo_raft"},{"item":"minecraft:green_wool"},{"item":"minecraft:smooth_quartz"},{"item":"minecraft:oxidized_cut_copper_stairs"},{"tag":"minecraft:stone_tool_materials"},{"item":"minecraft:wither_rose"},{"item":"minecraft:light_blue_stained_glass"},{"item":"minecraft:pink_terracotta"},{"item":"minecraft:brick"}]],"result":{"item":"minecraft:purple_bed"}}